url,category
https://m.media-amazon.com/images/I/81OC0ojxH6L._AC_UL320_.jpg,mobile
https://m.media-amazon.com/images/I/61e6I4jDU2L._AC_UY218_.jpg,mobile
https://m.media-amazon.com/images/I/11L94jbENnL._AC_UY218_.jpg,mobile
https://m.media-amazon.com/images/I/814ePfNubRL._AC_UY218_.jpg,mobile
https://m.media-amazon.com/images/I/71tFDYqv1zL._AC_UY218_.jpg,mobile
https://m.media-amazon.com/images/I/71x+m2-yb7L._AC_UY218_.jpg,mobile
https://m.media-amazon.com/images/I/71BfQPObXYL._AC_UY218_.jpg,mobile
https://m.media-amazon.com/images/I/71y5je-UISL._AC_UY218_.jpg,mobile
https://m.media-amazon.com/images/I/51QlVfPCfkL._AC_UY218_.jpg,mobile
https://m.media-amazon.com/images/I/41vNbL2w0nL._AC_UY218_.jpg,mobile
https://m.media-amazon.com/images/I/710cIJ6P0cL._AC_UY218_.jpg,mobile
https://m.media-amazon.com/images/I/612cLCI9mSL._AC_UY218_.jpg,mobile
https://m.media-amazon.com/images/I/41IfyEFzbpL._AC_UY218_.jpg,mobile
https://m.media-amazon.com/images/I/41nK30Wp9AL._AC_UY218_.jpg,mobile
https://m.media-amazon.com/images/I/71WSw-nKCRL._AC_UY218_.jpg,mobile
https://m.media-amazon.com/images/I/61qP8eX6oHL._AC_UY218_.jpg,mobile
https://m.media-amazon.com/images/I/81tJCxBZ6ZL._AC_UY218_.jpg,mobile
https://m.media-amazon.com/images/I/51Q2e3JPLxL._AC_UY218_.jpg,mobile
https://m.media-amazon.com/images/I/31Aa+VgE+5L._AC_UY218_.jpg,mobile
https://m.media-amazon.com/images/I/91KMUpSq9QL._AC_UY218_.jpg,mobile
https://m.media-amazon.com/images/I/81vTfUYVyUL._AC_UY218_.jpg,mobile
https://m.media-amazon.com/images/I/81p+EkIvUUL._AC_UY218_.jpg,mobile
https://m.media-amazon.com/images/I/81Te0dZU7nL._AC_UY218_.jpg,mobile
https://m.media-amazon.com/images/I/51c5GTk0mvL._AC_UY218_.jpg,mobile
https://m.media-amazon.com/images/I/51y3K7IklOL._AC_UY218_.jpg,mobile
https://m.media-amazon.com/images/I/51EkL7KrUHL._AC_UY218_.jpg,mobile
https://m.media-amazon.com/images/I/21uyvuSAkxL._AC_UY218_.jpg,mobile
https://m.media-amazon.com/images/I/61n7j6op3yL._AC_UY218_.jpg,mobile
https://m.media-amazon.com/images/I/518JFofCMZL._AC_UY218_.jpg,mobile
https://m.media-amazon.com/images/I/31lzqljjDuL._AC_UY218_.jpg,mobile
https://m.media-amazon.com/images/I/61tQ5d2CskL._AC_UY218_.jpg,mobile
https://m.media-amazon.com/images/I/71H09q6nXqL._AC_UY218_.jpg,mobile
https://m.media-amazon.com/images/I/41yNborjZ7L._AC_UY218_.jpg,mobile
https://m.media-amazon.com/images/I/51vx+PsWaFL._AC_UY218_.jpg,mobile
https://m.media-amazon.com/images/I/61yHdvSGj8L._AC_UY218_.jpg,mobile
https://m.media-amazon.com/images/I/71C5QuX8qeL._AC_UY218_.jpg,mobile
https://m.media-amazon.com/images/I/61q65+6XrJL._AC_UY218_.jpg,mobile
https://m.media-amazon.com/images/I/51wH2OO4kuL._AC_UY218_.jpg,mobile
https://m.media-amazon.com/images/I/61x-dpWzJSL._AC_UY218_.jpg,mobile
https://m.media-amazon.com/images/I/81njDKVuFsL._AC_UY218_.jpg,mobile
https://m.media-amazon.com/images/I/5197lzIj9sL._AC_UY218_.jpg,mobile
https://m.media-amazon.com/images/I/81I3w4J6yjL._AC_UL400_.jpg,mobile
https://m.media-amazon.com/images/I/71Sv+PAXumL._AC_UY218_.jpg,mobile
https://m.media-amazon.com/images/I/6169KUlsCML._AC_UY218_.jpg,mobile
https://m.media-amazon.com/images/I/71sxlhYhKWL._AC_UY218_.jpg,mobile
https://m.media-amazon.com/images/I/514YON-kucL._AC_UY218_.jpg,mobile
https://m.media-amazon.com/images/I/71fgwnSjv6L._AC_UY218_.jpg,mobile
https://m.media-amazon.com/images/I/51ewMzSuSbL._AC_UY218_.jpg,mobile
https://m.media-amazon.com/images/I/31lehF4FE8L._AC_UY218_.jpg,mobile
https://m.media-amazon.com/images/I/61S8aH-fs6L._AC_UY218_.jpg,mobile
https://m.media-amazon.com/images/I/61TLDQrtEOL._AC_UY218_.jpg,mobile
https://m.media-amazon.com/images/I/81OC0ojxH6L._AC_UY218_.jpg,mobile
https://m.media-amazon.com/images/I/81GS4BA50EL._AC_UY218_.jpg,mobile
https://m.media-amazon.com/images/I/419zGTs7rZL._AC_UY218_.jpg,mobile
https://m.media-amazon.com/images/I/51QlVfPCfkL._AC_UL320_.jpg,mobile
https://m.media-amazon.com/images/I/91vy-wIQkRL._AC_UY218_.jpg,mobile
https://m.media-amazon.com/images/I/41P3JMo+5kL._AC_UY218_.jpg,mobile
https://m.media-amazon.com/images/I/51CG6Irt3VL._AC_UY218_.jpg,mobile
https://m.media-amazon.com/images/I/71v0HUpQqHL._AC_UY218_.jpg,mobile
https://m.media-amazon.com/images/I/41fO7tlTnAL._AC_UY218_.jpg,mobile
https://m.media-amazon.com/images/I/51uvPGsEngL._AC_UY218_.jpg,mobile
https://m.media-amazon.com/images/I/81r0nX8170L._AC_UY218_.jpg,mobile
https://m.media-amazon.com/images/I/61iYSVxbIsS._AC_UY218_.jpg,mobile
https://m.media-amazon.com/images/I/612ItO4cRPL._AC_UY218_.jpg,mobile
https://m.media-amazon.com/images/I/31sV0UZM61L._AC_UY218_.jpg,mobile
https://m.media-amazon.com/images/I/31QLIGIMXEL._AC_UY218_.jpg,mobile
https://m.media-amazon.com/images/I/71kHcndG4nL._AC_UY218_.jpg,mobile
https://m.media-amazon.com/images/I/61ayPeGXzNL._AC_UY218_.jpg,mobile
https://m.media-amazon.com/images/I/31y9zso5w+L._AC_UY218_.jpg,mobile
https://m.media-amazon.com/images/I/81BxHYjeA2L._AC_UY218_.jpg,mobile
https://m.media-amazon.com/images/I/71AWvZMY6LL._AC_UY218_.jpg,mobile
https://m.media-amazon.com/images/I/51Wstzm2ivL._AC_UY218_.jpg,mobile
https://m.media-amazon.com/images/I/81FcpnlhQNL._AC_UY218_.jpg,mobile
https://m.media-amazon.com/images/I/81K72V1HtcL._AC_UY218_.jpg,mobile
https://m.media-amazon.com/images/I/61dFj3onxNL._AC_UY218_.jpg,mobile
https://m.media-amazon.com/images/I/71dM2WjKnTL._AC_UY218_.jpg,mobile
https://m.media-amazon.com/images/I/81T4O-rEI+L._AC_UY218_.jpg,mobile
https://m.media-amazon.com/images/I/8114lIas5gL._AC_UY218_.jpg,mobile
https://m.media-amazon.com/images/I/81UaAbSqRJL._AC_UY218_.jpg,mobile
https://m.media-amazon.com/images/I/814ePfNubRL._AC_UL320_.jpg,mobile
https://m.media-amazon.com/images/I/51lXy4YuZpL._AC_UY218_.jpg,mobile
https://m.media-amazon.com/images/I/61DL5rSk9AL._AC_UY218_.jpg,mobile
https://m.media-amazon.com/images/I/71hHTjX4VpL._AC_UY218_.jpg,mobile
https://m.media-amazon.com/images/I/71293gyogZL._AC_UY218_.jpg,mobile
https://m.media-amazon.com/images/I/51paFFgW5vL._AC_UY218_.jpg,mobile
https://m.media-amazon.com/images/I/51lvvZ9e1YL._AC_UY218_.jpg,mobile
https://m.media-amazon.com/images/I/71poFSdDs5S._AC_UL400_.jpg,mobile
https://m.media-amazon.com/images/I/418KRDYhMJL._AC_UY218_.jpg,mobile
https://m.media-amazon.com/images/I/8110mANA0rL._AC_UY218_.jpg,mobile
https://m.media-amazon.com/images/I/51qEDLNXp5L._AC_UY218_.jpg,mobile
https://m.media-amazon.com/images/I/71fdocdU1uL._AC_UY218_.jpg,mobile
https://m.media-amazon.com/images/I/610G90h4INL._AC_UY218_.jpg,mobile
https://m.media-amazon.com/images/I/71n-ggpl6nL._AC_UY218_.jpg,mobile
https://m.media-amazon.com/images/I/311KdJg8LPL._AC_UY218_.jpg,mobile
https://m.media-amazon.com/images/I/61vBPptSghL._AC_UY218_.jpg,mobile
https://m.media-amazon.com/images/I/51tNPwcI0bL._AC_UY218_.jpg,mobile
https://m.media-amazon.com/images/I/41nHB4RLuUL._AC_UY218_.jpg,mobile
https://m.media-amazon.com/images/I/718HEHzIobL._AC_UY218_.jpg,mobile
https://m.media-amazon.com/images/I/71geVdy6-OS._AC_UL400_.jpg,mobile
https://m.media-amazon.com/images/I/613d6RGDudL._AC_UY218_.jpg,mobile
https://m.media-amazon.com/images/I/61DugTWe6tL._AC_UY218_.jpg,mobile
https://m.media-amazon.com/images/I/619akPKARML._AC_UY218_.jpg,mobile
https://m.media-amazon.com/images/I/61le4yp+1hL._AC_UY218_.jpg,mobile
https://m.media-amazon.com/images/I/51nNfNtPWIL._AC_UY218_.jpg,mobile
https://m.media-amazon.com/images/I/61TapQKkV3L._AC_UY218_.jpg,mobile
https://m.media-amazon.com/images/I/41CjHXEP6cL._AC_UY218_.jpg,mobile
https://m.media-amazon.com/images/I/710SyTw9ERL._AC_UY218_.jpg,mobile
https://m.media-amazon.com/images/I/61afkCy+q6L._AC_UY218_.jpg,mobile
https://m.media-amazon.com/images/I/91BSflfKpJL._AC_UY218_.jpg,mobile
https://m.media-amazon.com/images/I/61Av9dRTnOL._AC_UY218_.jpg,mobile
https://m.media-amazon.com/images/I/81UT07JsBqL._AC_UY218_.jpg,mobile
https://m.media-amazon.com/images/I/3177SFv7HxL._AC_UY218_.jpg,mobile
https://m.media-amazon.com/images/I/810KHyQ4WcL._AC_UY218_.jpg,mobile
https://m.media-amazon.com/images/I/81fa4qtVdNL._AC_UY218_.jpg,mobile
https://m.media-amazon.com/images/I/51S5xQam-gL._AC_UY218_.jpg,mobile
https://m.media-amazon.com/images/I/71PvXYdN8hL._AC_UY218_.jpg,mobile
https://m.media-amazon.com/images/I/51oVQvqNllL._AC_UY218_.jpg,mobile
https://m.media-amazon.com/images/I/41hl+qs+h6L._AC_UY218_.jpg,mobile
https://m.media-amazon.com/images/I/31SPNGm46lL._AC_UY218_.jpg,mobile
https://m.media-amazon.com/images/I/61XSwjJOvuL._AC_UY218_.jpg,mobile
https://m.media-amazon.com/images/I/81F9N9WYF+L._AC_UY218_.jpg,mobile
https://m.media-amazon.com/images/I/51ssGYSN9WL._AC_UY218_.jpg,mobile
https://m.media-amazon.com/images/I/61JQ9sv3-gL._AC_UY218_.jpg,mobile
https://m.media-amazon.com/images/I/51D3rpLOEQL._AC_UY218_.jpg,mobile
https://m.media-amazon.com/images/I/51vbvbY51nL._AC_UY218_.jpg,mobile
https://m.media-amazon.com/images/I/91J1pz6vBcL._AC_UY218_.jpg,mobile
https://m.media-amazon.com/images/I/51T3lL2EIeL._AC_UY218_.jpg,mobile
https://m.media-amazon.com/images/I/71SqKtt9VbL._AC_UY218_.jpg,mobile
https://m.media-amazon.com/images/I/81QqVNKWtML._AC_UY218_.jpg,mobile
https://m.media-amazon.com/images/I/41DSxCNKA-L._AC_UY218_.jpg,mobile
https://m.media-amazon.com/images/I/51G5THh525L._AC_UY218_.jpg,mobile
https://m.media-amazon.com/images/I/31MXidyBtQL._AC_UY218_.jpg,mobile
https://m.media-amazon.com/images/I/61tQ5d2CskL._AC_UL320_.jpg,mobile
https://m.media-amazon.com/images/I/71kVEmAMyEL._AC_UY218_.jpg,mobile
https://m.media-amazon.com/images/I/41+uQUoMp3L._AC_UY218_.jpg,mobile
https://m.media-amazon.com/images/I/413GbgH++ML._AC_UY218_.jpg,mobile
https://m.media-amazon.com/images/I/518LiVorF-L._AC_UY218_.jpg,mobile
https://m.media-amazon.com/images/I/81m7JkE+HoL._AC_UY218_.jpg,mobile
https://m.media-amazon.com/images/I/61YaLM9sX6L._AC_UY218_.jpg,mobile
https://m.media-amazon.com/images/I/41+zC-WQySL._AC_UY218_.jpg,mobile
https://m.media-amazon.com/images/I/419oNNLwijL._AC_UY218_.jpg,mobile
https://m.media-amazon.com/images/I/51SVYti1AML._AC_UY218_.jpg,mobile
https://m.media-amazon.com/images/I/719HQzAjlCL._AC_UY218_.jpg,mobile
https://m.media-amazon.com/images/I/61CRTya3rvL._AC_UY218_.jpg,mobile
https://m.media-amazon.com/images/I/81+7F5VQjXL._AC_UL400_.jpg,mobile
https://m.media-amazon.com/images/I/61GWsP5FhLL._AC_UY218_.jpg,mobile
https://m.media-amazon.com/images/I/61Cnw+lZrcL._AC_UY218_.jpg,mobile
https://m.media-amazon.com/images/I/61g9LS3hjqL._AC_UY218_.jpg,mobile
https://m.media-amazon.com/images/I/61jUm-x0HJL._AC_UY218_.jpg,mobile
https://m.media-amazon.com/images/I/819zXNKr6wL._AC_UY218_.jpg,mobile
https://m.media-amazon.com/images/I/91c4uO7vK+L._AC_UY218_.jpg,mobile
https://m.media-amazon.com/images/I/61bd15QsMYL._AC_UY218_.jpg,mobile
https://m.media-amazon.com/images/I/51Zy8fiHJ5L._AC_UY218_.jpg,mobile
https://m.media-amazon.com/images/I/81HJ4pkOsiL._AC_UY218_.jpg,mobile
https://m.media-amazon.com/images/I/41BFsk8LRVL._AC_UY218_.jpg,mobile
https://m.media-amazon.com/images/I/31NVvKHQkjL._AC_UY218_.jpg,mobile
https://m.media-amazon.com/images/I/61ZfObn--CL._AC_UY218_.jpg,mobile
https://m.media-amazon.com/images/I/61BU0J0aokL._AC_UY218_.jpg,mobile
https://m.media-amazon.com/images/I/617TmaqIgWL._AC_UY218_.jpg,mobile
https://m.media-amazon.com/images/I/61sw3uklJgL._AC_UY218_.jpg,mobile
https://m.media-amazon.com/images/I/81UmTnrBDSL._AC_UY218_.jpg,mobile
https://m.media-amazon.com/images/I/512uRKI++CL._AC_UY218_.jpg,mobile
https://m.media-amazon.com/images/I/81qiSz8eTCL._AC_UY218_.jpg,mobile
https://m.media-amazon.com/images/I/41RsRJYNziL._AC_UY218_.jpg,mobile
https://m.media-amazon.com/images/I/516w1rkGVRL._AC_UY218_.jpg,mobile
https://m.media-amazon.com/images/I/71w0hrYfxeL._AC_UY218_.jpg,mobile
https://m.media-amazon.com/images/I/41xghlyJwSL._AC_UY218_.jpg,mobile
https://m.media-amazon.com/images/I/61G1QGs6WKL._AC_UL400_.jpg,mobile
https://m.media-amazon.com/images/I/71hqi389rcL._AC_UY218_.jpg,mobile
https://m.media-amazon.com/images/I/31pFICBCBHL._AC_UY218_.jpg,mobile
https://m.media-amazon.com/images/I/71hsKKUdURL._AC_UY218_.jpg,mobile
https://m.media-amazon.com/images/I/518VeOtwNQL._AC_UY218_.jpg,mobile
https://m.media-amazon.com/images/I/51D+CgZvcYL._AC_UY218_.jpg,mobile
https://m.media-amazon.com/images/I/61UOWILSTlL._AC_UY218_.jpg,mobile
https://m.media-amazon.com/images/I/71P6NczP5oL._AC_UY218_.jpg,mobile
https://m.media-amazon.com/images/I/41GNgKkpfcL._AC_UY218_.jpg,mobile
https://m.media-amazon.com/images/I/513q9r1Pw7L._AC_UY218_.jpg,mobile
https://m.media-amazon.com/images/I/51vEK2IQ0kL._AC_UY218_.jpg,mobile
https://m.media-amazon.com/images/I/71yXShgxvpL._AC_UY218_.jpg,mobile
https://m.media-amazon.com/images/I/81UT07JsBqL._AC_UL400_.jpg,mobile
https://m.media-amazon.com/images/I/71YK3AQN02L._AC_UY218_.jpg,mobile
https://m.media-amazon.com/images/I/61okBDs8+mL._AC_UY218_.jpg,mobile
https://m.media-amazon.com/images/I/81LTddiUIfL._AC_UY218_.jpg,mobile
https://m.media-amazon.com/images/I/612nLX+2vbL._AC_UY218_.jpg,mobile
https://m.media-amazon.com/images/I/41hI-UvnhFL._AC_UY218_.jpg,mobile
https://m.media-amazon.com/images/I/51GSe9rxsoL._AC_UL400_.jpg,mobile
https://m.media-amazon.com/images/I/41AIRCiIRYL._AC_UY218_.jpg,mobile
https://m.media-amazon.com/images/I/51NNOiZBE+L._AC_UY218_.jpg,mobile
https://m.media-amazon.com/images/I/5131rnMQU2L._AC_UY218_.jpg,mobile
https://m.media-amazon.com/images/I/61t-DFZ378L._AC_UY218_.jpg,mobile
https://m.media-amazon.com/images/I/51lHsfyX9KL._AC_UY218_.jpg,mobile
https://m.media-amazon.com/images/I/31BO9yhWLKL._AC_UY218_.jpg,mobile
https://m.media-amazon.com/images/I/51Sbc7W64ZL._AC_UY218_.jpg,mobile
https://m.media-amazon.com/images/I/61dDlyaa4SL._AC_UY218_.jpg,mobile
https://m.media-amazon.com/images/I/71kVEmAMyEL._AC_UL400_.jpg,mobile
https://m.media-amazon.com/images/I/31x3OUnPaqL._AC_UY218_.jpg,mobile
https://m.media-amazon.com/images/I/61YpjTPbMlL._AC_UY218_.jpg,mobile
https://m.media-amazon.com/images/I/71m6VKwgZ9L._AC_UY218_.jpg,mobile
https://m.media-amazon.com/images/I/81yiXZ8dWKL._AC_UY218_.jpg,mobile
https://m.media-amazon.com/images/I/810KHyQ4WcL._AC_UL400_.jpg,mobile
https://m.media-amazon.com/images/I/61OvxXhQgZL._AC_UY218_.jpg,mobile
https://m.media-amazon.com/images/I/61+b6t8+tML._AC_UY218_.jpg,mobile
https://m.media-amazon.com/images/I/61e6I4jDU2L._AC_UL320_.jpg,mobile
https://m.media-amazon.com/images/I/61kcGZD4CLL._AC_UY218_.jpg,mobile
https://m.media-amazon.com/images/I/61W1LoulxmL._AC_UY218_.jpg,mobile
https://m.media-amazon.com/images/I/31iq5vq9QCS._AC_UY218_.jpg,mobile
https://m.media-amazon.com/images/I/71avLkOj+DL._AC_UY218_.jpg,mobile
https://m.media-amazon.com/images/I/51j5HlwDvqL._AC_UY218_.jpg,mobile
https://m.media-amazon.com/images/I/81vkmw6NgxL._AC_UY218_.jpg,mobile
https://m.media-amazon.com/images/I/81t6Av5DvXL._AC_UY218_.jpg,mobile
https://m.media-amazon.com/images/I/51yVeEX3mgL._AC_UY218_.jpg,mobile
https://m.media-amazon.com/images/I/71xYLLtUVEL._AC_UY218_.jpg,mobile
https://m.media-amazon.com/images/I/81lKD0c7z+L._AC_UY218_.jpg,mobile
https://m.media-amazon.com/images/I/51eVocPQovL._AC_UY218_.jpg,mobile
https://m.media-amazon.com/images/I/51SFP+9P+rL._AC_UY218_.jpg,mobile
https://m.media-amazon.com/images/I/51utsL-dsnL._AC_UY218_.jpg,mobile
https://m.media-amazon.com/images/I/71S8F5jH9uL._AC_UY218_.jpg,mobile
https://m.media-amazon.com/images/I/71gWzvbGHtL._AC_UY218_.jpg,mobile
https://m.media-amazon.com/images/I/71Qaw2oyl4L._AC_UY218_.jpg,mobile
https://m.media-amazon.com/images/I/61mtTmOfIxL._AC_UY218_.jpg,mobile
https://m.media-amazon.com/images/I/81Jov18YvpL._AC_UY218_.jpg,mobile
https://m.media-amazon.com/images/I/81Q+kokB8GL._AC_UY218_.jpg,mobile
https://m.media-amazon.com/images/I/61V8JiZ9doL._AC_UY218_.jpg,mobile
https://m.media-amazon.com/images/I/514M+FjFMcL._AC_UY218_.jpg,mobile
https://m.media-amazon.com/images/I/71wyaDLW+UL._AC_UY218_.jpg,mobile
https://m.media-amazon.com/images/I/51UBxMJQvdL._AC_UY218_.jpg,mobile
https://m.media-amazon.com/images/I/51ZDIqEKCHL._AC_UY218_.jpg,mobile
https://m.media-amazon.com/images/I/61BcV5x62WL._AC_UY218_.jpg,mobile
https://m.media-amazon.com/images/I/71WJa48LBvL._AC_UY218_.jpg,mobile
https://m.media-amazon.com/images/I/8191B-uQeHL._AC_UY218_.jpg,mobile
https://m.media-amazon.com/images/I/51O7jRpCq+L._AC_UY218_.jpg,mobile
https://m.media-amazon.com/images/I/511YZk28rSL._AC_UY218_.jpg,mobile
https://m.media-amazon.com/images/I/61FHvAleSxL._AC_UY218_.jpg,mobile
https://m.media-amazon.com/images/I/61BNxPArYLL._AC_UY218_.jpg,mobile
https://m.media-amazon.com/images/I/51TK-AM4k0L._AC_UY218_.jpg,mobile
https://m.media-amazon.com/images/I/41NjopnpgsL._AC_UY218_.jpg,mobile
https://m.media-amazon.com/images/I/31y-5eiC+tL._AC_UY218_.jpg,mobile
https://m.media-amazon.com/images/I/41f6IGFu3rL._AC_UY218_.jpg,mobile
https://m.media-amazon.com/images/I/61+2w-Sq7aL._AC_UY218_.jpg,mobile
https://m.media-amazon.com/images/I/81T4O-rEI+L._AC_UL400_.jpg,mobile
https://m.media-amazon.com/images/I/51UE2S8XLBL._AC_UY218_.jpg,mobile
https://m.media-amazon.com/images/I/61lIp6BJ1ML._AC_UY218_.jpg,mobile
https://m.media-amazon.com/images/I/61qacJf-mbL._AC_UY218_.jpg,mobile
https://m.media-amazon.com/images/I/41RXt0fqTBL._AC_UY218_.jpg,mobile
https://m.media-amazon.com/images/I/311ED1hL8bL._AC_UY218_.jpg,mobile
https://m.media-amazon.com/images/I/51T3uUNAjJL._AC_UY218_.jpg,mobile
https://m.media-amazon.com/images/I/61HJ1Dqo4US._AC_UY218_.jpg,mobile
https://m.media-amazon.com/images/I/31phh19lXnL._AC_UY218_.jpg,mobile
https://m.media-amazon.com/images/I/515lxHKBBCL._AC_UY218_.jpg,mobile
https://m.media-amazon.com/images/I/41UfNdVOSJL._AC_UY218_.jpg,mobile
https://m.media-amazon.com/images/I/71FYSKYFupS._AC_UY218_.jpg,mobile
https://m.media-amazon.com/images/I/61OIkn6k3qL._AC_UY218_.jpg,mobile
https://m.media-amazon.com/images/I/51rwF-V4dVL._AC_UY218_.jpg,mobile
https://m.media-amazon.com/images/I/41gMWksXNLL._AC_UY218_.jpg,mobile
https://m.media-amazon.com/images/I/61Tq6BTbd0L._AC_UY218_.jpg,mobile
https://m.media-amazon.com/images/I/61R9cudARrL._AC_UY218_.jpg,mobile
https://m.media-amazon.com/images/I/51XjHlmouPL._AC_UY218_.jpg,mobile
https://m.media-amazon.com/images/I/61Z6UHRsQjL._AC_UY218_.jpg,mobile
https://m.media-amazon.com/images/I/71N1A9ok+8L._AC_UY218_.jpg,mobile
https://m.media-amazon.com/images/I/51l392VduoL._AC_UY218_.jpg,mobile
https://m.media-amazon.com/images/I/81rOV9q3jUL._AC_UY218_.jpg,mobile
https://m.media-amazon.com/images/I/51kOpwxjSvL._AC_UY218_.jpg,mobile
https://m.media-amazon.com/images/I/81bTNsD5+gL._AC_UY218_.jpg,mobile
